audio,lyrics,fold
data/train/songs/39323433325f3733.wav,data/train/labels/39323433325f3733.json,7
data/train/songs/37373131345f3234.wav,data/train/labels/37373131345f3234.json,18
data/train/songs/3132313035355f3936.wav,data/train/labels/3132313035355f3936.json,3
data/train/songs/37313732325f3330.wav,data/train/labels/37313732325f3330.json,2
data/train/songs/38313531315f3630.wav,data/train/labels/38313531315f3630.json,17
data/train/songs/37393039325f3233.wav,data/train/labels/37393039325f3233.json,5
data/train/songs/38313230375f3536.wav,data/train/labels/38313230375f3536.json,8
data/train/songs/37323633355f37.wav,data/train/labels/37323633355f37.json,6
data/train/songs/3130303230345f3838.wav,data/train/labels/3130303230345f3838.json,14
data/train/songs/37343333375f3437.wav,data/train/labels/37343333375f3437.json,6
data/train/songs/37323731395f3432.wav,data/train/labels/37323731395f3432.json,1
data/train/songs/37323033385f36.wav,data/train/labels/37323033385f36.json,10
data/train/songs/37393632335f3535.wav,data/train/labels/37393632335f3535.json,3
data/train/songs/38313339305f313231.wav,data/train/labels/38313339305f313231.json,19
data/train/songs/37383832365f37.wav,data/train/labels/37383832365f37.json,18
data/train/songs/38313134355f3135.wav,data/train/labels/38313134355f3135.json,10
data/train/songs/38313135365f3438.wav,data/train/labels/38313135365f3438.json,12
data/train/songs/37303231315f3534.wav,data/train/labels/37303231315f3534.json,12
data/train/songs/37343839335f3339.wav,data/train/labels/37343839335f3339.json,9
data/train/songs/37393433325f3334.wav,data/train/labels/37393433325f3334.json,12
data/train/songs/37393037335f3434.wav,data/train/labels/37393037335f3434.json,19
data/train/songs/37313935375f3436.wav,data/train/labels/37313935375f3436.json,19
data/train/songs/37333733375f3637.wav,data/train/labels/37333733375f3637.json,10
data/train/songs/37303231315f3436.wav,data/train/labels/37303231315f3436.json,2
data/train/songs/3131393438395f3132.wav,data/train/labels/3131393438395f3132.json,9
data/train/songs/38303830385f3837.wav,data/train/labels/38303830385f3837.json,3
data/train/songs/37373837305f3235.wav,data/train/labels/37373837305f3235.json,13
data/train/songs/38313932375f3536.wav,data/train/labels/38313932375f3536.json,17
data/train/songs/37353734385f3733.wav,data/train/labels/37353734385f3733.json,8
data/train/songs/37323436315f3135.wav,data/train/labels/37323436315f3135.json,5
data/train/songs/3131393438395f3631.wav,data/train/labels/3131393438395f3631.json,2
data/train/songs/38313738325f3638.wav,data/train/labels/38313738325f3638.json,0
data/train/songs/3132323239345f3836.wav,data/train/labels/3132323239345f3836.json,17
data/train/songs/39323332355f313134.wav,data/train/labels/39323332355f313134.json,5
data/train/songs/37393032375f30.wav,data/train/labels/37393032375f30.json,18
data/train/songs/37363630395f37.wav,data/train/labels/37363630395f37.json,16
data/train/songs/38313638365f3933.wav,data/train/labels/38313638365f3933.json,14
data/train/songs/37323533375f3733.wav,data/train/labels/37323533375f3733.json,13
data/train/songs/3130313236335f3836.wav,data/train/labels/3130313236335f3836.json,12
data/train/songs/37353238385f3835.wav,data/train/labels/37353238385f3835.json,2
data/train/songs/37303436335f3238.wav,data/train/labels/37303436335f3238.json,18
data/train/songs/37303231315f38.wav,data/train/labels/37303231315f38.json,9
data/train/songs/37383736345f3339.wav,data/train/labels/37383736345f3339.json,10
data/train/songs/38323137335f3531.wav,data/train/labels/38323137335f3531.json,7
data/train/songs/37303935355f3131.wav,data/train/labels/37303935355f3131.json,3
data/train/songs/37363630395f3335.wav,data/train/labels/37363630395f3335.json,12
data/train/songs/38313332355f3837.wav,data/train/labels/38313332355f3837.json,11
data/train/songs/37353031345f3437.wav,data/train/labels/37353031345f3437.json,17
data/train/songs/3130333131375f3330.wav,data/train/labels/3130333131375f3330.json,12
data/train/songs/38313735395f3931.wav,data/train/labels/38313735395f3931.json,1
data/train/songs/37343739335f3933.wav,data/train/labels/37343739335f3933.json,11
data/train/songs/38313137305f3138.wav,data/train/labels/38313137305f3138.json,9
data/train/songs/38323039345f3134.wav,data/train/labels/38323039345f3134.json,18
data/train/songs/37343431395f3335.wav,data/train/labels/37343431395f3335.json,13
data/train/songs/38303034365f3138.wav,data/train/labels/38303034365f3138.json,2
data/train/songs/38313435305f3339.wav,data/train/labels/38313435305f3339.json,3
data/train/songs/37323633355f3239.wav,data/train/labels/37323633355f3239.json,9
data/train/songs/38303137375f3137.wav,data/train/labels/38303137375f3137.json,11
data/train/songs/37343539355f3235.wav,data/train/labels/37343539355f3235.json,2
data/train/songs/37393231385f3137.wav,data/train/labels/37393231385f3137.json,0
data/train/songs/37363930315f313130.wav,data/train/labels/37363930315f313130.json,4
data/train/songs/37333132335f3934.wav,data/train/labels/37333132335f3934.json,9
data/train/songs/38313535385f3733.wav,data/train/labels/38313535385f3733.json,17
data/train/songs/3130313435345f30.wav,data/train/labels/3130313435345f30.json,2
data/train/songs/37363432385f3230.wav,data/train/labels/37363432385f3230.json,18
data/train/songs/37373934355f3331.wav,data/train/labels/37373934355f3331.json,5
data/train/songs/37303835395f38.wav,data/train/labels/37303835395f38.json,2
data/train/songs/37363233395f3437.wav,data/train/labels/37363233395f3437.json,2
data/train/songs/38313130315f313330.wav,data/train/labels/38313130315f313330.json,10
data/train/songs/3130313536305f3830.wav,data/train/labels/3130313536305f3830.json,8
data/train/songs/39323430335f3433.wav,data/train/labels/39323430335f3433.json,0
data/train/songs/39323838395f3137.wav,data/train/labels/39323838395f3137.json,5
data/train/songs/37383834345f3538.wav,data/train/labels/37383834345f3538.json,3
data/train/songs/38313033375f3630.wav,data/train/labels/38313033375f3630.json,8
data/train/songs/37303534315f3331.wav,data/train/labels/37303534315f3331.json,10
data/train/songs/39323538325f3135.wav,data/train/labels/39323538325f3135.json,11
data/train/songs/39323137355f313137.wav,data/train/labels/39323137355f313137.json,1
data/train/songs/37323834385f3133.wav,data/train/labels/37323834385f3133.json,5
data/train/songs/37353534365f3436.wav,data/train/labels/37353534365f3436.json,2
data/train/songs/38323039315f3233.wav,data/train/labels/38323039315f3233.json,7
data/train/songs/38313638365f3436.wav,data/train/labels/38313638365f3436.json,18
data/train/songs/3131393438395f3439.wav,data/train/labels/3131393438395f3439.json,6
data/train/songs/38303538365f3236.wav,data/train/labels/38303538365f3236.json,5
data/train/songs/38313733345f3138.wav,data/train/labels/38313733345f3138.json,2
data/train/songs/37333532325f3535.wav,data/train/labels/37333532325f3535.json,5
data/train/songs/37393638345f3135.wav,data/train/labels/37393638345f3135.json,16
data/train/songs/3132323239345f3239.wav,data/train/labels/3132323239345f3239.json,0
data/train/songs/37333235315f3231.wav,data/train/labels/37333235315f3231.json,19
data/train/songs/37343934315f3434.wav,data/train/labels/37343934315f3434.json,0
data/train/songs/38303131315f3532.wav,data/train/labels/38303131315f3532.json,10
data/train/songs/37303631375f3733.wav,data/train/labels/37303631375f3733.json,8
data/train/songs/37393637355f3438.wav,data/train/labels/37393637355f3438.json,19
data/train/songs/37383834345f3436.wav,data/train/labels/37383834345f3436.json,4
data/train/songs/37323335375f3535.wav,data/train/labels/37323335375f3535.json,10
data/train/songs/3132313130335f3531.wav,data/train/labels/3132313130335f3531.json,5
data/train/songs/37333234315f3135.wav,data/train/labels/37333234315f3135.json,16
data/train/songs/37343630365f3730.wav,data/train/labels/37343630365f3730.json,0
data/train/songs/37393539355f3335.wav,data/train/labels/37393539355f3335.json,6
data/train/songs/3130313836315f3731.wav,data/train/labels/3130313836315f3731.json,17
data/train/songs/37323438345f36.wav,data/train/labels/37323438345f36.json,10
data/train/songs/38313731345f3536.wav,data/train/labels/38313731345f3536.json,2
data/train/songs/3132303836355f3439.wav,data/train/labels/3132303836355f3439.json,2
data/train/songs/37313236335f3436.wav,data/train/labels/37313236335f3436.json,11
data/train/songs/37373734335f3332.wav,data/train/labels/37373734335f3332.json,13
data/train/songs/3132323730355f3230.wav,data/train/labels/3132323730355f3230.json,6
data/train/songs/37323335375f3331.wav,data/train/labels/37323335375f3331.json,18
data/train/songs/3131393639345f3839.wav,data/train/labels/3131393639345f3839.json,3
data/train/songs/37363838345f3239.wav,data/train/labels/37363838345f3239.json,1
data/train/songs/37353735335f3431.wav,data/train/labels/37353735335f3431.json,9
data/train/songs/37303438385f3131.wav,data/train/labels/37303438385f3131.json,1
data/train/songs/37393135395f30.wav,data/train/labels/37393135395f30.json,4
data/train/songs/39323430335f3534.wav,data/train/labels/39323430335f3534.json,13
data/train/songs/37353439365f3534.wav,data/train/labels/37353439365f3534.json,15
data/train/songs/37353330335f3538.wav,data/train/labels/37353330335f3538.json,1
data/train/songs/37313731395f3335.wav,data/train/labels/37313731395f3335.json,10
data/train/songs/37323236365f3135.wav,data/train/labels/37323236365f3135.json,12
data/train/songs/37383535395f3239.wav,data/train/labels/37383535395f3239.json,11
data/train/songs/37323631395f30.wav,data/train/labels/37323631395f30.json,11
data/train/songs/37323130315f3434.wav,data/train/labels/37323130315f3434.json,6
data/train/songs/38303237335f3234.wav,data/train/labels/38303237335f3234.json,13
data/train/songs/3132313739305f3131.wav,data/train/labels/3132313739305f3131.json,3
data/train/songs/37393131305f3235.wav,data/train/labels/37393131305f3235.json,19
data/train/songs/37363138335f313139.wav,data/train/labels/37363138335f313139.json,14
data/train/songs/37353330335f3737.wav,data/train/labels/37353330335f3737.json,14
data/train/songs/37353133305f3333.wav,data/train/labels/37353133305f3333.json,11
data/train/songs/3133333435365f3238.wav,data/train/labels/3133333435365f3238.json,7
data/train/songs/38303634385f3436.wav,data/train/labels/38303634385f3436.json,11
data/train/songs/37373131345f30.wav,data/train/labels/37373131345f30.json,12
data/train/songs/37383533315f3535.wav,data/train/labels/37383533315f3535.json,17
data/train/songs/37393431365f3236.wav,data/train/labels/37393431365f3236.json,15
data/train/songs/37343333305f3138.wav,data/train/labels/37343333305f3138.json,19
data/train/songs/37353136375f3633.wav,data/train/labels/37353136375f3633.json,8
data/train/songs/37323834385f3333.wav,data/train/labels/37323834385f3333.json,8
data/train/songs/38313338385f313138.wav,data/train/labels/38313338385f313138.json,7
data/train/songs/37313234345f3139.wav,data/train/labels/37313234345f3139.json,17
data/train/songs/37333431345f3437.wav,data/train/labels/37333431345f3437.json,8
data/train/songs/37373837305f3432.wav,data/train/labels/37373837305f3432.json,0
data/train/songs/3130333131375f3432.wav,data/train/labels/3130333131375f3432.json,5
data/train/songs/37373439375f3639.wav,data/train/labels/37373439375f3639.json,17
data/train/songs/38303433365f3537.wav,data/train/labels/38303433365f3537.json,1
data/train/songs/38313339305f3639.wav,data/train/labels/38313339305f3639.json,8
data/train/songs/38313733345f3633.wav,data/train/labels/38313733345f3633.json,1
data/train/songs/38313135365f3234.wav,data/train/labels/38313135365f3234.json,11
data/train/songs/37313839315f3639.wav,data/train/labels/37313839315f3639.json,14
data/train/songs/3130343038305f3532.wav,data/train/labels/3130343038305f3532.json,8
data/train/songs/37373934355f38.wav,data/train/labels/37373934355f38.json,8
data/train/songs/37343037355f37.wav,data/train/labels/37343037355f37.json,14
data/train/songs/37303538365f3238.wav,data/train/labels/37303538365f3238.json,14
data/train/songs/37353436355f3230.wav,data/train/labels/37353436355f3230.json,7
data/train/songs/38303634395f313139.wav,data/train/labels/38303634395f313139.json,11
data/train/songs/38313835355f3539.wav,data/train/labels/38313835355f3539.json,14
data/train/songs/39323733325f3130.wav,data/train/labels/39323733325f3130.json,13
data/train/songs/39323437375f313237.wav,data/train/labels/39323437375f313237.json,13
data/train/songs/38303634385f313037.wav,data/train/labels/38303634385f313037.json,11
data/train/songs/37343430355f3636.wav,data/train/labels/37343430355f3636.json,12
data/train/songs/39323232365f313237.wav,data/train/labels/39323232365f313237.json,6
data/train/songs/37313631325f3535.wav,data/train/labels/37313631325f3535.json,18
data/train/songs/38303532385f3238.wav,data/train/labels/38303532385f3238.json,12
data/train/songs/37383834345f3831.wav,data/train/labels/37383834345f3831.json,0
data/train/songs/3132323239345f313030.wav,data/train/labels/3132323239345f313030.json,16
data/train/songs/37303134325f3137.wav,data/train/labels/37303134325f3137.json,13
data/train/songs/37393336375f3831.wav,data/train/labels/37393336375f3831.json,18
data/train/songs/37333531325f3233.wav,data/train/labels/37333531325f3233.json,13
data/train/songs/3132313037375f3935.wav,data/train/labels/3132313037375f3935.json,7
data/train/songs/37353534365f37.wav,data/train/labels/37353534365f37.json,8
data/train/songs/37303136395f3132.wav,data/train/labels/37303136395f3132.json,5
data/train/songs/37383233335f3233.wav,data/train/labels/37383233335f3233.json,19
data/train/songs/37353339355f3234.wav,data/train/labels/37353339355f3234.json,10
data/train/songs/38313633315f3536.wav,data/train/labels/38313633315f3536.json,2
data/train/songs/3130303933365f38.wav,data/train/labels/3130303933365f38.json,8
data/train/songs/38313130315f3433.wav,data/train/labels/38313130315f3433.json,16
data/train/songs/37323132345f37.wav,data/train/labels/37323132345f37.json,12
data/train/songs/37323834385f30.wav,data/train/labels/37323834385f30.json,7
data/train/songs/38303233325f3739.wav,data/train/labels/38303233325f3739.json,8
data/train/songs/37363635395f3237.wav,data/train/labels/37363635395f3237.json,0
data/train/songs/38313432315f3338.wav,data/train/labels/38313432315f3338.json,12
data/train/songs/37393336315f3437.wav,data/train/labels/37393336315f3437.json,9
data/train/songs/37353534365f3236.wav,data/train/labels/37353534365f3236.json,6
data/train/songs/37363630395f30.wav,data/train/labels/37363630395f30.json,3
data/train/songs/38313934365f3538.wav,data/train/labels/38313934365f3538.json,10
data/train/songs/38313332385f3539.wav,data/train/labels/38313332385f3539.json,12
data/train/songs/37373436325f3138.wav,data/train/labels/37373436325f3138.json,8
data/train/songs/37353332385f3139.wav,data/train/labels/37353332385f3139.json,4
data/train/songs/37393433325f3137.wav,data/train/labels/37393433325f3137.json,15
data/train/songs/37393135395f3138.wav,data/train/labels/37393135395f3138.json,0
data/train/songs/3132313035355f3237.wav,data/train/labels/3132313035355f3237.json,9
data/train/songs/3130313336385f3430.wav,data/train/labels/3130313336385f3430.json,14
data/train/songs/37363431375f313036.wav,data/train/labels/37363431375f313036.json,18
data/train/songs/37303538365f3439.wav,data/train/labels/37303538365f3439.json,11
data/train/songs/38313737335f3831.wav,data/train/labels/38313737335f3831.json,19
data/train/songs/37353137315f3430.wav,data/train/labels/37353137315f3430.json,12
data/train/songs/37393337325f3433.wav,data/train/labels/37393337325f3433.json,12
data/train/songs/38313037395f39.wav,data/train/labels/38313037395f39.json,2
data/train/songs/37303436315f3334.wav,data/train/labels/37303436315f3334.json,8
data/train/songs/37333234315f313032.wav,data/train/labels/37333234315f313032.json,13
data/train/songs/37313730305f34.wav,data/train/labels/37313730305f34.json,11
data/train/songs/38303534365f3438.wav,data/train/labels/38303534365f3438.json,6
data/train/songs/37313735375f3538.wav,data/train/labels/37313735375f3538.json,14
data/train/songs/3132303739395f30.wav,data/train/labels/3132303739395f30.json,0
data/train/songs/38323039345f3535.wav,data/train/labels/38323039345f3535.json,0
data/train/songs/3130343139395f313233.wav,data/train/labels/3130343139395f313233.json,17
data/train/songs/37333735385f3536.wav,data/train/labels/37333735385f3536.json,18
data/train/songs/37373436325f3633.wav,data/train/labels/37373436325f3633.json,15
data/train/songs/38303631305f30.wav,data/train/labels/38303631305f30.json,10
data/train/songs/37343738315f3939.wav,data/train/labels/37343738315f3939.json,5
data/train/songs/37303634355f3436.wav,data/train/labels/37303634355f3436.json,18
data/train/songs/3130323538315f3639.wav,data/train/labels/3130323538315f3639.json,17
data/train/songs/37383434325f3631.wav,data/train/labels/37383434325f3631.json,14
data/train/songs/37323930305f3636.wav,data/train/labels/37323930305f3636.json,2
data/train/songs/3130343038305f3135.wav,data/train/labels/3130343038305f3135.json,4
data/train/songs/37373138335f36.wav,data/train/labels/37373138335f36.json,3
data/train/songs/37343339375f37.wav,data/train/labels/37343339375f37.json,6
data/train/songs/38303937315f30.wav,data/train/labels/38303937315f30.json,7
data/train/songs/37303134395f39.wav,data/train/labels/37303134395f39.json,0
data/train/songs/38313230375f3638.wav,data/train/labels/38313230375f3638.json,8
data/train/songs/37353631365f3830.wav,data/train/labels/37353631365f3830.json,1
data/train/songs/37313936395f30.wav,data/train/labels/37313936395f30.json,18
data/train/songs/37343434315f3439.wav,data/train/labels/37343434315f3439.json,17
data/train/songs/3132353233375f3334.wav,data/train/labels/3132353233375f3334.json,2
data/train/songs/37363635395f3233.wav,data/train/labels/37363635395f3233.json,15
data/train/songs/37393534355f3230.wav,data/train/labels/37393534355f3230.json,8
data/train/songs/37353233335f30.wav,data/train/labels/37353233335f30.json,5
data/train/songs/37303639335f3432.wav,data/train/labels/37303639335f3432.json,10
data/train/songs/37353631365f3636.wav,data/train/labels/37353631365f3636.json,6
data/train/songs/38313731345f3333.wav,data/train/labels/38313731345f3333.json,16
data/train/songs/3133363334315f3134.wav,data/train/labels/3133363334315f3134.json,13
data/train/songs/37383031325f3530.wav,data/train/labels/37383031325f3530.json,13
data/train/songs/37333737325f3434.wav,data/train/labels/37333737325f3434.json,6
data/train/songs/38303031325f3831.wav,data/train/labels/38303031325f3831.json,7
data/train/songs/37303134325f3232.wav,data/train/labels/37303134325f3232.json,13
data/train/songs/37383736345f3139.wav,data/train/labels/37383736345f3139.json,17
data/train/songs/37323030315f3236.wav,data/train/labels/37323030315f3236.json,0
data/train/songs/38303935345f3339.wav,data/train/labels/38303935345f3339.json,15
data/train/songs/37313631325f39.wav,data/train/labels/37313631325f39.json,15
data/train/songs/3130313536305f3430.wav,data/train/labels/3130313536305f3430.json,8
data/train/songs/37323033385f30.wav,data/train/labels/37323033385f30.json,5
data/train/songs/37363431375f3631.wav,data/train/labels/37363431375f3631.json,11
data/train/songs/38303031325f3332.wav,data/train/labels/38303031325f3332.json,4
data/train/songs/3131393838315f313030.wav,data/train/labels/3131393838315f313030.json,8
data/train/songs/37373734335f3131.wav,data/train/labels/37373734335f3131.json,6
data/train/songs/37343038355f3333.wav,data/train/labels/37343038355f3333.json,16
data/train/songs/37303339345f3431.wav,data/train/labels/37303339345f3431.json,19
data/train/songs/38323137385f3231.wav,data/train/labels/38323137385f3231.json,16
data/train/songs/37333737325f3631.wav,data/train/labels/37333737325f3631.json,3
data/train/songs/38313338385f3739.wav,data/train/labels/38313338385f3739.json,2
data/train/songs/38303935345f3333.wav,data/train/labels/38303935345f3333.json,12
data/train/songs/37373634365f3433.wav,data/train/labels/37373634365f3433.json,15
data/train/songs/37333737325f39.wav,data/train/labels/37333737325f39.json,2
data/train/songs/3130313336385f30.wav,data/train/labels/3130313336385f30.json,5
data/train/songs/37343034385f3437.wav,data/train/labels/37343034385f3437.json,5
data/train/songs/37353239345f3736.wav,data/train/labels/37353239345f3736.json,6
data/train/songs/39323632345f3135.wav,data/train/labels/39323632345f3135.json,18
data/train/songs/37393432395f3435.wav,data/train/labels/37393432395f3435.json,19
data/train/songs/38303130395f3536.wav,data/train/labels/38303130395f3536.json,14
data/train/songs/37303331315f3433.wav,data/train/labels/37303331315f3433.json,5
data/train/songs/37373031315f3336.wav,data/train/labels/37373031315f3336.json,12
data/train/songs/39323430335f3735.wav,data/train/labels/39323430335f3735.json,0
data/train/songs/38303737345f3435.wav,data/train/labels/38303737345f3435.json,10
data/train/songs/37373233335f3639.wav,data/train/labels/37373233335f3639.json,16
data/train/songs/39323232365f3138.wav,data/train/labels/39323232365f3138.json,5
data/train/songs/37313731395f3532.wav,data/train/labels/37313731395f3532.json,0
data/train/songs/37343232375f36.wav,data/train/labels/37343232375f36.json,4
data/train/songs/3132313739305f3233.wav,data/train/labels/3132313739305f3233.json,14
data/train/songs/37383233335f3739.wav,data/train/labels/37383233335f3739.json,11
data/train/songs/37303436335f3234.wav,data/train/labels/37303436335f3234.json,9
data/train/songs/37343135335f3430.wav,data/train/labels/37343135335f3430.json,2
data/train/songs/37373732305f3530.wav,data/train/labels/37373732305f3530.json,6
data/train/songs/37353735335f3138.wav,data/train/labels/37353735335f3138.json,15
data/train/songs/37393032375f3238.wav,data/train/labels/37393032375f3238.json,11
data/train/songs/3132353739305f313038.wav,data/train/labels/3132353739305f313038.json,18
data/train/songs/37343530305f3235.wav,data/train/labels/37343530305f3235.json,18
data/train/songs/37393932325f3230.wav,data/train/labels/37393932325f3230.json,11
data/train/songs/37323332315f3135.wav,data/train/labels/37323332315f3135.json,9
data/train/songs/38313237335f3930.wav,data/train/labels/38313237335f3930.json,19
data/train/songs/37343232375f3131.wav,data/train/labels/37343232375f3131.json,8
data/train/songs/37343031385f3239.wav,data/train/labels/37343031385f3239.json,1
data/train/songs/37313839315f3831.wav,data/train/labels/37313839315f3831.json,19
data/train/songs/38303630345f3534.wav,data/train/labels/38303630345f3534.json,1
data/train/songs/37343333375f3537.wav,data/train/labels/37343333375f3537.json,9
data/train/songs/39323632345f3837.wav,data/train/labels/39323632345f3837.json,14
data/train/songs/37393432395f3139.wav,data/train/labels/37393432395f3139.json,2
data/train/songs/37393337325f3534.wav,data/train/labels/37393337325f3534.json,6
data/train/songs/37353133305f3439.wav,data/train/labels/37353133305f3439.json,16
data/train/songs/38313332385f3531.wav,data/train/labels/38313332385f3531.json,13
data/train/songs/38303737345f3734.wav,data/train/labels/38303737345f3734.json,10
data/train/songs/37383130315f3130.wav,data/train/labels/37383130315f3130.json,6
data/train/songs/37313131355f3630.wav,data/train/labels/37313131355f3630.json,3
data/train/songs/37373439325f3637.wav,data/train/labels/37373439325f3637.json,12
data/train/songs/38303130395f3934.wav,data/train/labels/38303130395f3934.json,17
data/train/songs/38303630345f3436.wav,data/train/labels/38303630345f3436.json,3
data/train/songs/37363334395f3534.wav,data/train/labels/37363334395f3534.json,3
data/train/songs/37333132385f3736.wav,data/train/labels/37333132385f3736.json,8
data/train/songs/3130333131375f3234.wav,data/train/labels/3130333131375f3234.json,2
data/train/songs/37303331375f3734.wav,data/train/labels/37303331375f3734.json,14
data/train/songs/37303631375f3532.wav,data/train/labels/37303631375f3532.json,3
data/train/songs/37373037385f3133.wav,data/train/labels/37373037385f3133.json,18
data/train/songs/38303937315f3333.wav,data/train/labels/38303937315f3333.json,0
data/train/songs/37393230305f39.wav,data/train/labels/37393230305f39.json,14
data/train/songs/37303339345f3537.wav,data/train/labels/37303339345f3537.json,4
data/train/songs/38313037395f30.wav,data/train/labels/38313037395f30.json,1
data/train/songs/37343539355f30.wav,data/train/labels/37343539355f30.json,8
data/train/songs/37353734385f3432.wav,data/train/labels/37353734385f3432.json,12
data/train/songs/3131393838315f3239.wav,data/train/labels/3131393838315f3239.json,7
data/train/songs/37303434335f3530.wav,data/train/labels/37303434335f3530.json,14
data/train/songs/37303639335f38.wav,data/train/labels/37303639335f38.json,11
data/train/songs/37393134335f35.wav,data/train/labels/37393134335f35.json,3
data/train/songs/38313034315f35.wav,data/train/labels/38313034315f35.json,0
data/train/songs/37393134335f3333.wav,data/train/labels/37393134335f3333.json,3
data/train/songs/38313037395f3437.wav,data/train/labels/38313037395f3437.json,2
data/train/songs/38303634385f3331.wav,data/train/labels/38303634385f3331.json,3
data/train/songs/3130333135365f3133.wav,data/train/labels/3130333135365f3133.json,5
data/train/songs/38313531315f39.wav,data/train/labels/38313531315f39.json,7
data/train/songs/38313634305f3939.wav,data/train/labels/38313634305f3939.json,1
data/train/songs/38303031325f3937.wav,data/train/labels/38303031325f3937.json,11
data/train/songs/37313233385f3836.wav,data/train/labels/37313233385f3836.json,6
data/train/songs/37303438345f3331.wav,data/train/labels/37303438345f3331.json,19
data/train/songs/38313332355f3337.wav,data/train/labels/38313332355f3337.json,7
data/train/songs/37313935375f3830.wav,data/train/labels/37313935375f3830.json,15
data/train/songs/37323030315f3339.wav,data/train/labels/37323030315f3339.json,3
data/train/songs/37353436355f3731.wav,data/train/labels/37353436355f3731.json,0
data/train/songs/38303439375f30.wav,data/train/labels/38303439375f30.json,11
data/train/songs/3133343237385f313738.wav,data/train/labels/3133343237385f313738.json,3
data/train/songs/37373436385f3631.wav,data/train/labels/37373436385f3631.json,12
data/train/songs/37383535395f3135.wav,data/train/labels/37383535395f3135.json,5
data/train/songs/37313935345f3236.wav,data/train/labels/37313935345f3236.json,10
data/train/songs/38313134355f3232.wav,data/train/labels/38313134355f3232.json,14
data/train/songs/37373233335f3130.wav,data/train/labels/37373233335f3130.json,8
data/train/songs/38303636345f3838.wav,data/train/labels/38303636345f3838.json,4
data/train/songs/37333035345f313232.wav,data/train/labels/37333035345f313232.json,6
data/train/songs/37333439365f3238.wav,data/train/labels/37333439365f3238.json,7
data/train/songs/37303333365f3635.wav,data/train/labels/37303333365f3635.json,19
data/train/songs/37343839335f3331.wav,data/train/labels/37343839335f3331.json,2
data/train/songs/38303839365f3137.wav,data/train/labels/38303839365f3137.json,1
data/train/songs/37323132345f3133.wav,data/train/labels/37323132345f3133.json,0
data/train/songs/37313731385f3439.wav,data/train/labels/37313731385f3439.json,3
data/train/songs/37353232385f313032.wav,data/train/labels/37353232385f313032.json,10
data/train/songs/37303538375f3432.wav,data/train/labels/37303538375f3432.json,5
data/train/songs/3130333135365f3534.wav,data/train/labels/3130333135365f3534.json,18
data/train/songs/3134303135395f3439.wav,data/train/labels/3134303135395f3439.json,9
data/train/songs/37343031385f30.wav,data/train/labels/37343031385f30.json,19
data/train/songs/3131393732315f3232.wav,data/train/labels/3131393732315f3232.json,10
data/train/songs/37323130315f3531.wav,data/train/labels/37323130315f3531.json,11
data/train/songs/37373531305f3439.wav,data/train/labels/37373531305f3439.json,5
data/train/songs/37393532365f3530.wav,data/train/labels/37393532365f3530.json,19
data/train/songs/3130343139395f313032.wav,data/train/labels/3130343139395f313032.json,1
data/train/songs/3130313030325f3135.wav,data/train/labels/3130313030325f3135.json,19
data/train/songs/38313834385f3832.wav,data/train/labels/38313834385f3832.json,1
data/train/songs/37393730305f3637.wav,data/train/labels/37393730305f3637.json,16
data/train/songs/37383538375f3537.wav,data/train/labels/37383538375f3537.json,14
data/train/songs/37393934315f3531.wav,data/train/labels/37393934315f3531.json,11
data/train/songs/37323830395f3734.wav,data/train/labels/37323830395f3734.json,2
data/train/songs/38303137375f30.wav,data/train/labels/38303137375f30.json,1
data/train/songs/3133333435365f3937.wav,data/train/labels/3133333435365f3937.json,5
data/train/songs/37383935335f3132.wav,data/train/labels/37383935335f3132.json,11
data/train/songs/37333733375f3130.wav,data/train/labels/37333733375f3130.json,1
data/train/songs/39323733325f3330.wav,data/train/labels/39323733325f3330.json,0
data/train/songs/37323631395f3230.wav,data/train/labels/37323631395f3230.json,10
data/train/songs/37303631375f3633.wav,data/train/labels/37303631375f3633.json,6
data/train/songs/39323438315f30.wav,data/train/labels/39323438315f30.json,16
data/train/songs/37353639325f3931.wav,data/train/labels/37353639325f3931.json,2
data/train/songs/37313936395f38.wav,data/train/labels/37313936395f38.json,7
data/train/songs/37313631325f3634.wav,data/train/labels/37313631325f3634.json,1
data/train/songs/37373134315f3735.wav,data/train/labels/37373134315f3735.json,4
data/train/songs/37313930355f3634.wav,data/train/labels/37313930355f3634.json,8
data/train/songs/37353535365f3138.wav,data/train/labels/37353535365f3138.json,13
data/train/songs/37333032315f3939.wav,data/train/labels/37333032315f3939.json,4
data/train/songs/38313332355f3530.wav,data/train/labels/38313332355f3530.json,19
data/train/songs/38313239375f3536.wav,data/train/labels/38313239375f3536.json,0
data/train/songs/38303533365f3238.wav,data/train/labels/38303533365f3238.json,9
data/train/songs/37343530305f3539.wav,data/train/labels/37343530305f3539.json,11
data/train/songs/38303137375f3835.wav,data/train/labels/38303137375f3835.json,6
data/train/songs/37363138335f30.wav,data/train/labels/37363138335f30.json,3
data/train/songs/37323030315f3333.wav,data/train/labels/37323030315f3333.json,12
data/train/songs/38303533365f3939.wav,data/train/labels/38303533365f3939.json,15
data/train/songs/3130303930325f3134.wav,data/train/labels/3130303930325f3134.json,13
data/train/songs/37373138335f3132.wav,data/train/labels/37373138335f3132.json,10
data/train/songs/37363038355f3537.wav,data/train/labels/37363038355f3537.json,16
data/train/songs/38313136365f3532.wav,data/train/labels/38313136365f3532.json,4
data/train/songs/37373832365f39.wav,data/train/labels/37373832365f39.json,17
data/train/songs/37353031345f3238.wav,data/train/labels/37353031345f3238.json,18
data/train/songs/37373937325f3136.wav,data/train/labels/37373937325f3136.json,3
data/train/songs/37343431395f30.wav,data/train/labels/37343431395f30.json,4
data/train/songs/3133313035325f3434.wav,data/train/labels/3133313035325f3434.json,7
data/train/songs/37333833385f3636.wav,data/train/labels/37333833385f3636.json,9
data/train/songs/37393134375f30.wav,data/train/labels/37393134375f30.json,16
data/train/songs/3133313038325f313336.wav,data/train/labels/3133313038325f313336.json,19
data/train/songs/37343333305f313130.wav,data/train/labels/37343333305f313130.json,15
data/train/songs/37393336315f3833.wav,data/train/labels/37393336315f3833.json,19
data/train/songs/37363432385f3830.wav,data/train/labels/37363432385f3830.json,5
data/train/songs/38323137335f30.wav,data/train/labels/38323137335f30.json,18
data/train/songs/37333235315f3131.wav,data/train/labels/37333235315f3131.json,4
data/train/songs/37303934385f3234.wav,data/train/labels/37303934385f3234.json,17
data/train/songs/3130333133345f3232.wav,data/train/labels/3130333133345f3232.json,17
data/train/songs/37363139345f323039.wav,data/train/labels/37363139345f323039.json,9
data/train/songs/37363831325f3431.wav,data/train/labels/37363831325f3431.json,4
data/train/songs/37343839335f38.wav,data/train/labels/37343839335f38.json,9
data/train/songs/38323039315f36.wav,data/train/labels/38323039315f36.json,10
data/train/songs/38313034325f3538.wav,data/train/labels/38313034325f3538.json,17
data/train/songs/38313535385f3439.wav,data/train/labels/38313535385f3439.json,4
data/train/songs/37383139345f3235.wav,data/train/labels/37383139345f3235.json,11
data/train/songs/37353032375f3931.wav,data/train/labels/37353032375f3931.json,14
data/train/songs/37323834385f37.wav,data/train/labels/37323834385f37.json,18
data/train/songs/37333935375f3334.wav,data/train/labels/37333935375f3334.json,15
data/train/songs/3131393430385f3335.wav,data/train/labels/3131393430385f3335.json,13
data/train/songs/38303634395f3531.wav,data/train/labels/38303634395f3531.json,6
data/train/songs/37303835395f3530.wav,data/train/labels/37303835395f3530.json,3
data/train/songs/37393537385f3130.wav,data/train/labels/37393537385f3130.json,17
data/train/songs/37343031385f3139.wav,data/train/labels/37343031385f3139.json,12
data/train/songs/37313330385f3539.wav,data/train/labels/37313330385f3539.json,6
data/train/songs/37383932315f3531.wav,data/train/labels/37383932315f3531.json,2
data/train/songs/37303531305f3235.wav,data/train/labels/37303531305f3235.json,15
data/train/songs/37393032375f3432.wav,data/train/labels/37393032375f3432.json,3
data/train/songs/37343034385f37.wav,data/train/labels/37343034385f37.json,10
data/train/songs/38313134355f30.wav,data/train/labels/38313134355f30.json,7
data/train/songs/37313032365f3338.wav,data/train/labels/37313032365f3338.json,14
data/train/songs/37323332315f3534.wav,data/train/labels/37323332315f3534.json,15
data/train/songs/37383130355f3633.wav,data/train/labels/37383130355f3633.json,10
data/train/songs/37353730345f3936.wav,data/train/labels/37353730345f3936.json,10
data/train/songs/3130333530305f3635.wav,data/train/labels/3130333530305f3635.json,17
data/train/songs/37383631365f3535.wav,data/train/labels/37383631365f3535.json,13
data/train/songs/37313538395f3733.wav,data/train/labels/37313538395f3733.json,7
data/train/songs/37343336305f313038.wav,data/train/labels/37343336305f313038.json,13
data/train/songs/3130303831365f3538.wav,data/train/labels/3130303831365f3538.json,9
data/train/songs/37333437305f3435.wav,data/train/labels/37333437305f3435.json,1
data/train/songs/3130313435345f3437.wav,data/train/labels/3130313435345f3437.json,3
data/train/songs/37313936395f3435.wav,data/train/labels/37313936395f3435.json,5
data/train/songs/37393530385f3130.wav,data/train/labels/37393530385f3130.json,10
data/train/songs/37373837305f3137.wav,data/train/labels/37373837305f3137.json,19
data/train/songs/38313532335f3530.wav,data/train/labels/38313532335f3530.json,0
data/train/songs/37323930305f3932.wav,data/train/labels/37323930305f3932.json,1
data/train/songs/39323438315f3339.wav,data/train/labels/39323438315f3339.json,0
data/train/songs/37383533315f3639.wav,data/train/labels/37383533315f3639.json,10
data/train/songs/39333035335f3738.wav,data/train/labels/39333035335f3738.json,7
data/train/songs/3130333530305f3136.wav,data/train/labels/3130333530305f3136.json,8
data/train/songs/37323930305f3133.wav,data/train/labels/37323930305f3133.json,11
data/train/songs/38303834315f3537.wav,data/train/labels/38303834315f3537.json,9
data/train/songs/38313132385f3830.wav,data/train/labels/38313132385f3830.json,2
data/train/songs/38303439365f3739.wav,data/train/labels/38303439365f3739.json,13
data/train/songs/37363535315f3232.wav,data/train/labels/37363535315f3232.json,15
data/train/songs/37373030385f38.wav,data/train/labels/37373030385f38.json,6
data/train/songs/38323137385f3236.wav,data/train/labels/38323137385f3236.json,0
data/train/songs/37303735315f3332.wav,data/train/labels/37303735315f3332.json,15
data/train/songs/37373131345f39.wav,data/train/labels/37373131345f39.json,4
data/train/songs/37303134395f3532.wav,data/train/labels/37303134395f3532.json,11
data/train/songs/37363535315f313039.wav,data/train/labels/37363535315f313039.json,9
data/train/songs/37373131345f35.wav,data/train/labels/37373131345f35.json,7
data/train/songs/3130313336385f3630.wav,data/train/labels/3130313336385f3630.json,11
data/train/songs/37383935335f3639.wav,data/train/labels/37383935335f3639.json,0
data/train/songs/37363431395f3237.wav,data/train/labels/37363431395f3237.json,6
data/train/songs/38303937315f3235.wav,data/train/labels/38303937315f3235.json,2
data/train/songs/3130323538315f3830.wav,data/train/labels/3130323538315f3830.json,6
data/train/songs/38313731345f3738.wav,data/train/labels/38313731345f3738.json,6
data/train/songs/37363436365f3432.wav,data/train/labels/37363436365f3432.json,14
data/train/songs/38303033365f30.wav,data/train/labels/38303033365f30.json,7
data/train/songs/37303534315f3436.wav,data/train/labels/37303534315f3436.json,19
data/train/songs/38303131315f3733.wav,data/train/labels/38303131315f3733.json,18
data/train/songs/3131393831385f3930.wav,data/train/labels/3131393831385f3930.json,9
data/train/songs/37383130315f37.wav,data/train/labels/37383130315f37.json,0
data/train/songs/37343539365f3536.wav,data/train/labels/37343539365f3536.json,3
data/train/songs/37303531305f3139.wav,data/train/labels/37303531305f3139.json,19
data/train/songs/38313631335f3930.wav,data/train/labels/38313631335f3930.json,16
data/train/songs/37343333375f3636.wav,data/train/labels/37343333375f3636.json,18
data/train/songs/37303935355f3633.wav,data/train/labels/37303935355f3633.json,5
data/train/songs/37373937325f3131.wav,data/train/labels/37373937325f3131.json,14
data/train/songs/37303735315f3430.wav,data/train/labels/37303735315f3430.json,2
data/train/songs/37373733375f3830.wav,data/train/labels/37373733375f3830.json,0
data/train/songs/37373037385f3531.wav,data/train/labels/37373037385f3531.json,19
data/train/songs/37323631395f35.wav,data/train/labels/37323631395f35.json,6
data/train/songs/3130333135365f3831.wav,data/train/labels/3130333135365f3831.json,9
data/train/songs/38313135395f3537.wav,data/train/labels/38313135395f3537.json,13
data/train/songs/38303839365f3236.wav,data/train/labels/38303839365f3236.json,11
data/train/songs/37363334395f3131.wav,data/train/labels/37363334395f3131.json,17
data/train/songs/37323132345f3236.wav,data/train/labels/37323132345f3236.json,16
data/train/songs/37323332355f3434.wav,data/train/labels/37323332355f3434.json,11
data/train/songs/37373137385f3636.wav,data/train/labels/37373137385f3636.json,19
data/train/songs/3133363137365f3232.wav,data/train/labels/3133363137365f3232.json,1
data/train/songs/3130343139395f313433.wav,data/train/labels/3130343139395f313433.json,18
data/train/songs/37383837365f3237.wav,data/train/labels/37383837365f3237.json,5
data/train/songs/37353935305f3438.wav,data/train/labels/37353935305f3438.json,6
data/train/songs/38313034315f3337.wav,data/train/labels/38313034315f3337.json,2
data/train/songs/38313736305f3238.wav,data/train/labels/38313736305f3238.json,13
data/train/songs/37393231385f3631.wav,data/train/labels/37393231385f3631.json,3
data/train/songs/37313935345f3231.wav,data/train/labels/37313935345f3231.json,7
data/train/songs/3133343237385f3736.wav,data/train/labels/3133343237385f3736.json,9
data/train/songs/37383731355f3631.wav,data/train/labels/37383731355f3631.json,16
data/train/songs/37363137375f3336.wav,data/train/labels/37363137375f3336.json,4
data/train/songs/37303732365f3638.wav,data/train/labels/37303732365f3638.json,5
data/train/songs/37373831335f38.wav,data/train/labels/37373831335f38.json,11
data/train/songs/37313731385f3335.wav,data/train/labels/37313731385f3335.json,14
data/train/songs/37323132385f3331.wav,data/train/labels/37323132385f3331.json,17
data/train/songs/38303433365f3233.wav,data/train/labels/38303433365f3233.json,4
data/train/songs/37393135395f3436.wav,data/train/labels/37393135395f3436.json,4
data/train/songs/37323535315f3131.wav,data/train/labels/37323535315f3131.json,18
data/train/songs/37363539345f3434.wav,data/train/labels/37363539345f3434.json,6
data/train/songs/38313339305f30.wav,data/train/labels/38313339305f30.json,4
data/train/songs/37343430355f3533.wav,data/train/labels/37343430355f3533.json,7
data/train/songs/3133363137365f3331.wav,data/train/labels/3133363137365f3331.json,15
data/train/songs/37363432385f313030.wav,data/train/labels/37363432385f313030.json,4
data/train/songs/37303236325f3238.wav,data/train/labels/37303236325f3238.json,17
data/train/songs/37323830395f313733.wav,data/train/labels/37323830395f313733.json,0
data/train/songs/38313136385f30.wav,data/train/labels/38313136385f30.json,10
data/train/songs/38313339305f3137.wav,data/train/labels/38313339305f3137.json,8
data/train/songs/38313332355f3235.wav,data/train/labels/38313332355f3235.json,17
data/train/songs/37383139345f30.wav,data/train/labels/37383139345f30.json,13
data/train/songs/37353535365f3336.wav,data/train/labels/37353535365f3336.json,4
data/train/songs/37323338375f3438.wav,data/train/labels/37323338375f3438.json,16
data/train/songs/37363930315f3934.wav,data/train/labels/37363930315f3934.json,8
data/train/songs/38313633315f3234.wav,data/train/labels/38313633315f3234.json,2
data/train/songs/38313238355f3336.wav,data/train/labels/38313238355f3336.json,19
data/train/songs/37343934315f313534.wav,data/train/labels/37343934315f313534.json,15
data/train/songs/3130333131375f3138.wav,data/train/labels/3130333131375f3138.json,19
data/train/songs/38303130395f3139.wav,data/train/labels/38303130395f3139.json,12
data/train/songs/37353932375f3639.wav,data/train/labels/37353932375f3639.json,11
data/train/songs/3132303731335f3239.wav,data/train/labels/3132303731335f3239.json,7
data/train/songs/38303630345f3135.wav,data/train/labels/38303630345f3135.json,2
data/train/songs/37343838395f3231.wav,data/train/labels/37343838395f3231.json,12
data/train/songs/37373030385f30.wav,data/train/labels/37373030385f30.json,2
data/train/songs/37373734335f3236.wav,data/train/labels/37373734335f3236.json,12
data/train/songs/38313134355f3131.wav,data/train/labels/38313134355f3131.json,8
data/train/songs/38313439385f313335.wav,data/train/labels/38313439385f313335.json,1
data/train/songs/37383935335f30.wav,data/train/labels/37383935335f30.json,17
data/train/songs/37353232385f3733.wav,data/train/labels/37353232385f3733.json,10
data/train/songs/38303237335f30.wav,data/train/labels/38303237335f30.json,7
data/train/songs/39323137355f3539.wav,data/train/labels/39323137355f3539.json,4
data/train/songs/3132303739395f3233.wav,data/train/labels/3132303739395f3233.json,16
data/train/songs/3132313035355f3535.wav,data/train/labels/3132313035355f3535.json,6
data/train/songs/37353431365f313339.wav,data/train/labels/37353431365f313339.json,7
data/train/songs/37393730305f3133.wav,data/train/labels/37393730305f3133.json,4
data/train/songs/3130333639385f3633.wav,data/train/labels/3130333639385f3633.json,0
data/train/songs/38313132385f3537.wav,data/train/labels/38313132385f3537.json,0
data/train/songs/38313631335f3531.wav,data/train/labels/38313631335f3531.json,4
data/train/songs/37303236325f39.wav,data/train/labels/37303236325f39.json,1
data/train/songs/38313435305f3139.wav,data/train/labels/38313435305f3139.json,5
data/train/songs/37373233335f3439.wav,data/train/labels/37373233335f3439.json,6
data/train/songs/37343539365f3333.wav,data/train/labels/37343539365f3333.json,3
data/train/songs/38313638385f3532.wav,data/train/labels/38313638385f3532.json,2
data/train/songs/37303431395f30.wav,data/train/labels/37303431395f30.json,4
data/train/songs/37393532375f3734.wav,data/train/labels/37393532375f3734.json,12
data/train/songs/37393637355f3136.wav,data/train/labels/37393637355f3136.json,6
data/train/songs/37363431375f3135.wav,data/train/labels/37363431375f3135.json,6
data/train/songs/37313735375f3233.wav,data/train/labels/37313735375f3233.json,16
data/train/songs/38323137335f3130.wav,data/train/labels/38323137335f3130.json,8
data/train/songs/37373832365f35.wav,data/train/labels/37373832365f35.json,4
data/train/songs/37353734385f3633.wav,data/train/labels/37353734385f3633.json,7
data/train/songs/37333935375f3438.wav,data/train/labels/37333935375f3438.json,10
data/train/songs/37353239345f3333.wav,data/train/labels/37353239345f3333.json,2
data/train/songs/3130313238395f3531.wav,data/train/labels/3130313238395f3531.json,17
data/train/songs/3130333530305f313133.wav,data/train/labels/3130333530305f313133.json,8
data/train/songs/37303134395f3631.wav,data/train/labels/37303134395f3631.json,4
data/train/songs/37353730345f3737.wav,data/train/labels/37353730345f3737.json,5
data/train/songs/37383130315f3136.wav,data/train/labels/37383130315f3136.json,14
data/train/songs/37323033395f3638.wav,data/train/labels/37323033395f3638.json,9
data/train/songs/37363539345f3232.wav,data/train/labels/37363539345f3232.json,1
data/train/songs/38323039315f3239.wav,data/train/labels/38323039315f3239.json,16
data/train/songs/38303034365f3336.wav,data/train/labels/38303034365f3336.json,7
data/train/songs/3133363334315f3438.wav,data/train/labels/3133363334315f3438.json,18
data/train/songs/38303534365f37.wav,data/train/labels/38303534365f37.json,16
data/train/songs/39323431305f3832.wav,data/train/labels/39323431305f3832.json,4
data/train/songs/37383438395f3333.wav,data/train/labels/37383438395f3333.json,0
data/train/songs/38303832305f3133.wav,data/train/labels/38303832305f3133.json,11
data/train/songs/37343437365f3332.wav,data/train/labels/37343437365f3332.json,2
data/train/songs/37383036355f39.wav,data/train/labels/37383036355f39.json,18
data/train/songs/3130303831365f313136.wav,data/train/labels/3130303831365f313136.json,19
data/train/songs/37313234345f3339.wav,data/train/labels/37313234345f3339.json,16
data/train/songs/3130303230345f30.wav,data/train/labels/3130303230345f30.json,19
data/train/songs/37313535305f313031.wav,data/train/labels/37313535305f313031.json,18
data/train/songs/3132323239345f3731.wav,data/train/labels/3132323239345f3731.json,5
data/train/songs/3130313234315f30.wav,data/train/labels/3130313234315f30.json,6
data/train/songs/38313430325f3436.wav,data/train/labels/38313430325f3436.json,3
data/train/songs/37343032315f3735.wav,data/train/labels/37343032315f3735.json,12
data/train/songs/38313430325f3337.wav,data/train/labels/38313430325f3337.json,0
data/train/songs/37323634365f3333.wav,data/train/labels/37323634365f3333.json,14
data/train/songs/38313033375f39.wav,data/train/labels/38313033375f39.json,0
data/train/songs/3131393732315f30.wav,data/train/labels/3131393732315f30.json,17
data/train/songs/37393039325f3430.wav,data/train/labels/37393039325f3430.json,16
data/train/songs/37313937355f3230.wav,data/train/labels/37313937355f3230.json,3
data/train/songs/38303131315f3130.wav,data/train/labels/38303131315f3130.json,4
data/train/songs/39323733325f3530.wav,data/train/labels/39323733325f3530.json,16
data/train/songs/37393932325f3330.wav,data/train/labels/37393932325f3330.json,7
data/train/songs/37373730355f3935.wav,data/train/labels/37373730355f3935.json,13
data/train/songs/37373536335f3833.wav,data/train/labels/37373536335f3833.json,11
data/train/songs/37333132335f3430.wav,data/train/labels/37333132335f3430.json,10
data/train/songs/37353938325f3636.wav,data/train/labels/37353938325f3636.json,3
data/train/songs/37373635355f3233.wav,data/train/labels/37373635355f3233.json,4
data/train/songs/38313237335f3133.wav,data/train/labels/38313237335f3133.json,5
data/train/songs/38303130375f3133.wav,data/train/labels/38303130375f3133.json,9
data/train/songs/37313234345f3638.wav,data/train/labels/37313234345f3638.json,13
data/train/songs/37393132355f30.wav,data/train/labels/37393132355f30.json,7
data/train/songs/37353630335f3332.wav,data/train/labels/37353630335f3332.json,5
data/train/songs/37333737325f3335.wav,data/train/labels/37333737325f3335.json,1
data/train/songs/37343533305f3633.wav,data/train/labels/37343533305f3633.json,6
data/train/songs/39323433325f3336.wav,data/train/labels/39323433325f3336.json,1
data/train/songs/37343032315f3530.wav,data/train/labels/37343032315f3530.json,17
data/train/songs/38303231315f38.wav,data/train/labels/38303231315f38.json,8
data/train/songs/37373439325f3738.wav,data/train/labels/37373439325f3738.json,5
data/train/songs/37333733375f3537.wav,data/train/labels/37333733375f3537.json,9
data/train/songs/37373537305f3534.wav,data/train/labels/37373537305f3534.json,6
data/train/songs/37333930375f3334.wav,data/train/labels/37333930375f3334.json,7
data/train/songs/37383233335f3536.wav,data/train/labels/37383233335f3536.json,8
data/train/songs/3131393732315f3131.wav,data/train/labels/3131393732315f3131.json,3
data/train/songs/37363334395f3433.wav,data/train/labels/37363334395f3433.json,19
data/train/songs/37393137365f3833.wav,data/train/labels/37393137365f3833.json,10
data/train/songs/37383036355f3335.wav,data/train/labels/37383036355f3335.json,8
data/train/songs/38313634305f313338.wav,data/train/labels/38313634305f313338.json,11
data/train/songs/37393934315f3539.wav,data/train/labels/37393934315f3539.json,11
data/train/songs/37393432395f3236.wav,data/train/labels/37393432395f3236.json,1
data/train/songs/37393539355f3439.wav,data/train/labels/37393539355f3439.json,12
data/train/songs/37383731355f3435.wav,data/train/labels/37383731355f3435.json,15
data/train/songs/37373531305f3130.wav,data/train/labels/37373531305f3130.json,14
data/train/songs/37353031345f39.wav,data/train/labels/37353031345f39.json,14
data/train/songs/37393334315f3433.wav,data/train/labels/37393334315f3433.json,14
data/train/songs/38303634385f3135.wav,data/train/labels/38303634385f3135.json,10
data/train/songs/37313038385f3338.wav,data/train/labels/37313038385f3338.json,17
data/train/songs/37353635305f3636.wav,data/train/labels/37353635305f3636.json,8
data/train/songs/37383735335f3634.wav,data/train/labels/37383735335f3634.json,1
data/train/songs/3130303933325f3235.wav,data/train/labels/3130303933325f3235.json,9
data/train/songs/3130303230345f3135.wav,data/train/labels/3130303230345f3135.json,0
data/train/songs/38303439365f313138.wav,data/train/labels/38303439365f313138.json,5
data/train/songs/39323437375f3138.wav,data/train/labels/39323437375f3138.json,6
data/train/songs/38303935345f3436.wav,data/train/labels/38303935345f3436.json,16
data/train/songs/37393636375f3836.wav,data/train/labels/37393636375f3836.json,7
data/train/songs/37393134335f3238.wav,data/train/labels/37393134335f3238.json,9
data/train/songs/37343031385f3537.wav,data/train/labels/37343031385f3537.json,6
data/train/songs/38303533365f3537.wav,data/train/labels/38303533365f3537.json,14
data/train/songs/37343431395f3631.wav,data/train/labels/37343431395f3631.json,15
data/train/songs/37383538375f3439.wav,data/train/labels/37383538375f3439.json,12
data/train/songs/3130313536305f3133.wav,data/train/labels/3130313536305f3133.json,9
data/train/songs/37343135335f3831.wav,data/train/labels/37343135335f3831.json,16
data/train/songs/38303832385f3638.wav,data/train/labels/38303832385f3638.json,5
data/train/songs/37323033335f3131.wav,data/train/labels/37323033335f3131.json,5
data/train/songs/38303439365f3230.wav,data/train/labels/38303439365f3230.json,4
data/train/songs/37333133335f3739.wav,data/train/labels/37333133335f3739.json,7
data/train/songs/38303231315f3536.wav,data/train/labels/38303231315f3536.json,16
data/train/songs/39323538325f313036.wav,data/train/labels/39323538325f313036.json,7
data/train/songs/37383631365f38.wav,data/train/labels/37383631365f38.json,0
data/train/songs/38313634305f313138.wav,data/train/labels/38313634305f313138.json,8
data/train/songs/37343132315f3835.wav,data/train/labels/37343132315f3835.json,7
data/train/songs/37393531315f3736.wav,data/train/labels/37393531315f3736.json,15
data/train/songs/37313930355f3436.wav,data/train/labels/37313930355f3436.json,12
data/train/songs/37323033335f3339.wav,data/train/labels/37323033335f3339.json,16
data/train/songs/38313333305f3837.wav,data/train/labels/38313333305f3837.json,14
data/train/songs/38303334385f313032.wav,data/train/labels/38303334385f313032.json,15
data/train/songs/37393134335f3134.wav,data/train/labels/37393134335f3134.json,17
data/train/songs/37373231365f3530.wav,data/train/labels/37373231365f3530.json,9
data/train/songs/37343438345f3639.wav,data/train/labels/37343438345f3639.json,2
data/train/songs/38313532335f3633.wav,data/train/labels/38313532335f3633.json,16
data/train/songs/37353539305f3836.wav,data/train/labels/37353539305f3836.json,19
data/train/songs/37373030385f3136.wav,data/train/labels/37373030385f3136.json,17
data/train/songs/37373837305f30.wav,data/train/labels/37373837305f30.json,15
data/train/songs/39323538325f3330.wav,data/train/labels/39323538325f3330.json,5
data/train/songs/37323434315f3135.wav,data/train/labels/37323434315f3135.json,4
data/train/songs/37393935375f3530.wav,data/train/labels/37393935375f3530.json,14
data/train/songs/37303136395f3832.wav,data/train/labels/37303136395f3832.json,5
data/train/songs/37383835385f3531.wav,data/train/labels/37383835385f3531.json,0
data/train/songs/39323838395f313138.wav,data/train/labels/39323838395f313138.json,16
data/train/songs/37383832365f3438.wav,data/train/labels/37383832365f3438.json,11
data/train/songs/38303439375f3932.wav,data/train/labels/38303439375f3932.json,1
data/train/songs/37393436375f38.wav,data/train/labels/37393436375f38.json,3
data/train/songs/3131393831385f3634.wav,data/train/labels/3131393831385f3634.json,14
data/train/songs/37323132385f30.wav,data/train/labels/37323132385f30.json,14
data/train/songs/38313832395f3531.wav,data/train/labels/38313832395f3531.json,6
data/train/songs/37323434315f3331.wav,data/train/labels/37323434315f3331.json,2
data/train/songs/37313731395f3631.wav,data/train/labels/37313731395f3631.json,10
data/train/songs/37383932315f3539.wav,data/train/labels/37383932315f3539.json,15
data/train/songs/37363633315f3639.wav,data/train/labels/37363633315f3639.json,2
data/train/songs/3130333135365f3430.wav,data/train/labels/3130333135365f3430.json,9
data/train/songs/37373832365f30.wav,data/train/labels/37373832365f30.json,5
data/train/songs/37343833335f3132.wav,data/train/labels/37343833335f3132.json,9
data/train/songs/37373634365f3235.wav,data/train/labels/37373634365f3235.json,10
data/train/songs/37313038385f3435.wav,data/train/labels/37313038385f3435.json,13
data/train/songs/37383631365f3136.wav,data/train/labels/37383631365f3136.json,4
data/train/songs/37333437305f38.wav,data/train/labels/37333437305f38.json,15
data/train/songs/38303334385f3239.wav,data/train/labels/38303334385f3239.json,13
data/train/songs/39323437375f3931.wav,data/train/labels/39323437375f3931.json,12
data/train/songs/37313131355f3334.wav,data/train/labels/37313131355f3334.json,17
data/train/songs/38313136365f3335.wav,data/train/labels/38313136365f3335.json,9
data/train/songs/37393532375f3432.wav,data/train/labels/37393532375f3432.json,15
data/train/songs/37383932315f38.wav,data/train/labels/37383932315f38.json,12
data/train/songs/37383535395f3434.wav,data/train/labels/37383535395f3434.json,1
data/train/songs/37373638375f3833.wav,data/train/labels/37373638375f3833.json,10
data/train/songs/3132303739395f36.wav,data/train/labels/3132303739395f36.json,13
data/train/songs/38303830385f3433.wav,data/train/labels/38303830385f3433.json,16
data/train/songs/38313136365f313232.wav,data/train/labels/38313136365f313232.json,11
data/train/songs/37393935375f38.wav,data/train/labels/37393935375f38.json,17
data/train/songs/37363539345f3333.wav,data/train/labels/37363539345f3333.json,9
data/train/songs/37383736345f3130.wav,data/train/labels/37383736345f3130.json,4
data/train/songs/38303034365f30.wav,data/train/labels/38303034365f30.json,19
data/train/songs/37353133355f3637.wav,data/train/labels/37353133355f3637.json,13
data/train/songs/38303130375f3830.wav,data/train/labels/38303130375f3830.json,10
data/train/songs/3132303435375f3539.wav,data/train/labels/3132303435375f3539.json,1
data/train/songs/37393231385f39.wav,data/train/labels/37393231385f39.json,16
data/train/songs/38303830385f3134.wav,data/train/labels/38303830385f3134.json,15
data/train/songs/37303333365f3532.wav,data/train/labels/37303333365f3532.json,9
data/train/songs/37373831335f3535.wav,data/train/labels/37373831335f3535.json,5
data/train/songs/38303737345f3539.wav,data/train/labels/38303737345f3539.json,0
data/train/songs/37323535315f36.wav,data/train/labels/37323535315f36.json,8
data/train/songs/3130313234315f3731.wav,data/train/labels/3130313234315f3731.json,6
data/train/songs/3132353739305f313236.wav,data/train/labels/3132353739305f313236.json,9
data/train/songs/37333435375f3537.wav,data/train/labels/37333435375f3537.json,16
data/train/songs/38313030335f3134.wav,data/train/labels/38313030335f3134.json,19
data/train/songs/37353932375f3439.wav,data/train/labels/37353932375f3439.json,3
data/train/songs/37313731385f3134.wav,data/train/labels/37313731385f3134.json,18
data/train/songs/37363831325f3239.wav,data/train/labels/37363831325f3239.json,18
data/train/songs/37303639335f3137.wav,data/train/labels/37303639335f3137.json,5
data/train/songs/3130313836315f3130.wav,data/train/labels/3130313836315f3130.json,4
data/train/songs/37393333325f3339.wav,data/train/labels/37393333325f3339.json,13
data/train/songs/37323533375f3837.wav,data/train/labels/37323533375f3837.json,2
data/train/songs/37353439365f3634.wav,data/train/labels/37353439365f3634.json,2
data/train/songs/37393039375f3535.wav,data/train/labels/37393039375f3535.json,9
data/train/songs/38313136385f313434.wav,data/train/labels/38313136385f313434.json,15
data/train/songs/37393432395f3339.wav,data/train/labels/37393432395f3339.json,14
data/train/songs/37383731355f313036.wav,data/train/labels/37383731355f313036.json,1
data/train/songs/37303538365f3134.wav,data/train/labels/37303538365f3134.json,2
data/train/songs/37373137385f3932.wav,data/train/labels/37373137385f3932.json,4
data/train/songs/37373735305f36.wav,data/train/labels/37373735305f36.json,13
data/train/songs/37333532325f3131.wav,data/train/labels/37333532325f3131.json,8
data/train/songs/37353431365f3238.wav,data/train/labels/37353431365f3238.json,9
data/train/songs/37353730345f313334.wav,data/train/labels/37353730345f313334.json,12
data/train/songs/37343339375f3134.wav,data/train/labels/37343339375f3134.json,1
data/train/songs/37393132355f3433.wav,data/train/labels/37393132355f3433.json,18
data/train/songs/38313638385f3733.wav,data/train/labels/38313638385f3733.json,8
data/train/songs/37363137375f3434.wav,data/train/labels/37363137375f3434.json,0
data/train/songs/37333032315f3238.wav,data/train/labels/37333032315f3238.json,0
data/train/songs/37323132375f3431.wav,data/train/labels/37323132375f3431.json,2
data/train/songs/38313030335f37.wav,data/train/labels/38313030335f37.json,18
data/train/songs/37383236375f313236.wav,data/train/labels/37383236375f313236.json,17
data/train/songs/39323438315f3639.wav,data/train/labels/39323438315f3639.json,18
data/train/songs/37303436335f3333.wav,data/train/labels/37303436335f3333.json,17
data/train/songs/38303636345f3539.wav,data/train/labels/38303636345f3539.json,7
data/train/songs/37373937325f3231.wav,data/train/labels/37373937325f3231.json,18
data/train/songs/38313834385f3730.wav,data/train/labels/38313834385f3730.json,12
data/train/songs/37303732305f3132.wav,data/train/labels/37303732305f3132.json,8
data/train/songs/37313330385f38.wav,data/train/labels/37313330385f38.json,9
data/train/songs/37313732365f3837.wav,data/train/labels/37313732365f3837.json,16
data/train/songs/37353535365f3732.wav,data/train/labels/37353535365f3732.json,5
data/train/songs/3132313130335f3236.wav,data/train/labels/3132313130335f3236.json,15
data/train/songs/37363838345f3233.wav,data/train/labels/37363838345f3233.json,9
data/train/songs/37343739335f313131.wav,data/train/labels/37343739335f313131.json,11
data/train/songs/38313634305f3539.wav,data/train/labels/38313634305f3539.json,17
data/train/songs/37373436385f3234.wav,data/train/labels/37373436385f3234.json,2
data/train/songs/37363630395f3134.wav,data/train/labels/37363630395f3134.json,1
data/train/songs/3132303733325f3538.wav,data/train/labels/3132303733325f3538.json,1
data/train/songs/37343038355f3535.wav,data/train/labels/37343038355f3535.json,16
data/train/songs/37393336375f313133.wav,data/train/labels/37393336375f313133.json,12
data/train/songs/3130313234315f3432.wav,data/train/labels/3130313234315f3432.json,16
data/train/songs/37373539395f3435.wav,data/train/labels/37373539395f3435.json,9
data/train/songs/38313237335f3531.wav,data/train/labels/38313237335f3531.json,8
data/train/songs/37323330395f3832.wav,data/train/labels/37323330395f3832.json,19
data/train/songs/38303832385f3435.wav,data/train/labels/38303832385f3435.json,18
data/train/songs/38303935345f3236.wav,data/train/labels/38303935345f3236.json,12
data/train/songs/37343839335f3135.wav,data/train/labels/37343839335f3135.json,4
data/train/songs/37393039325f36.wav,data/train/labels/37393039325f36.json,14
data/train/songs/3130333531355f323234.wav,data/train/labels/3130333531355f323234.json,5
data/train/songs/37363436365f3138.wav,data/train/labels/37363436365f3138.json,1
data/train/songs/3132303739395f3334.wav,data/train/labels/3132303739395f3334.json,11
data/train/songs/38313535385f313437.wav,data/train/labels/38313535385f313437.json,5
data/train/songs/37383832375f37.wav,data/train/labels/37383832375f37.json,11
data/train/songs/39323431305f3939.wav,data/train/labels/39323431305f3939.json,9
data/train/songs/37363434335f3134.wav,data/train/labels/37363434335f3134.json,4
data/train/songs/38313239375f3635.wav,data/train/labels/38313239375f3635.json,1
data/train/songs/37363431395f39.wav,data/train/labels/37363431395f39.json,4
data/train/songs/38313934365f3235.wav,data/train/labels/38313934365f3235.json,8
data/train/songs/37363635395f39.wav,data/train/labels/37363635395f39.json,9
data/train/songs/38323039345f3639.wav,data/train/labels/38323039345f3639.json,18
data/train/songs/37393537385f3530.wav,data/train/labels/37393537385f3530.json,1
data/train/songs/37333132385f3131.wav,data/train/labels/37333132385f3131.json,13
data/train/songs/3131393430385f3237.wav,data/train/labels/3131393430385f3237.json,17
data/train/songs/37323338375f3637.wav,data/train/labels/37323338375f3637.json,13
data/train/songs/3132313130335f3133.wav,data/train/labels/3132313130335f3133.json,17
data/train/songs/37333935375f3134.wav,data/train/labels/37333935375f3134.json,19
data/train/songs/37363639375f3733.wav,data/train/labels/37363639375f3733.json,14
data/train/songs/3130303930325f3732.wav,data/train/labels/3130303930325f3732.json,18
data/train/songs/37373039355f313031.wav,data/train/labels/37373039355f313031.json,17
data/train/songs/38303130375f3533.wav,data/train/labels/38303130375f3533.json,14
data/train/songs/38313137305f3337.wav,data/train/labels/38313137305f3337.json,9
data/train/songs/37363034335f3330.wav,data/train/labels/37363034335f3330.json,19
data/train/songs/38313934365f38.wav,data/train/labels/38313934365f38.json,19
data/train/songs/37393532365f3538.wav,data/train/labels/37393532365f3538.json,7
data/train/songs/37393935375f3431.wav,data/train/labels/37393935375f3431.json,12
data/train/songs/3130313138315f39.wav,data/train/labels/3130313138315f39.json,17
data/train/songs/37313732335f3639.wav,data/train/labels/37313732335f3639.json,3
data/train/songs/38313435305f36.wav,data/train/labels/38313435305f36.json,3
data/train/songs/38313332335f3133.wav,data/train/labels/38313332335f3133.json,1
data/train/songs/3132353233375f3237.wav,data/train/labels/3132353233375f3237.json,6
data/train/songs/37333233305f3232.wav,data/train/labels/37333233305f3232.json,13
data/train/songs/38313132385f3131.wav,data/train/labels/38313132385f3131.json,14
data/train/songs/37363734325f3639.wav,data/train/labels/37363734325f3639.json,13
data/train/songs/37383832355f3238.wav,data/train/labels/37383832355f3238.json,14
data/train/songs/38313333305f313232.wav,data/train/labels/38313333305f313232.json,1
data/train/songs/37323332355f3331.wav,data/train/labels/37323332355f3331.json,10
data/train/songs/38313132385f30.wav,data/train/labels/38313132385f30.json,12
data/train/songs/38313237335f3339.wav,data/train/labels/38313237335f3339.json,18
data/train/songs/37343934315f3232.wav,data/train/labels/37343934315f3232.json,10
data/train/songs/3130303933325f313736.wav,data/train/labels/3130303933325f313736.json,13
data/train/songs/38303236385f3337.wav,data/train/labels/38303236385f3337.json,17
data/train/songs/37353332385f3130.wav,data/train/labels/37353332385f3130.json,16
data/train/songs/37313131355f3433.wav,data/train/labels/37313131355f3433.json,7
data/train/songs/37393537385f3730.wav,data/train/labels/37393537385f3730.json,16
data/train/songs/37393530385f3230.wav,data/train/labels/37393530385f3230.json,11
data/train/songs/37343434315f3638.wav,data/train/labels/37343434315f3638.json,7
data/train/songs/38303334385f3733.wav,data/train/labels/38303334385f3733.json,8
data/train/songs/38303130375f3430.wav,data/train/labels/38303130375f3430.json,2
data/train/songs/37393134375f3233.wav,data/train/labels/37393134375f3233.json,10
data/train/songs/37393337325f3131.wav,data/train/labels/37393337325f3131.json,0
data/train/songs/37373635355f3132.wav,data/train/labels/37373635355f3132.json,17
data/train/songs/37393134375f3135.wav,data/train/labels/37393134375f3135.json,19
data/train/songs/37323132375f3239.wav,data/train/labels/37323132375f3239.json,15
data/train/songs/38303534365f3231.wav,data/train/labels/38303534365f3231.json,14
data/train/songs/38303130395f313331.wav,data/train/labels/38303130395f313331.json,1
data/train/songs/38303439375f313239.wav,data/train/labels/38303439375f313239.json,1
data/train/songs/3133363137365f3138.wav,data/train/labels/3133363137365f3138.json,3
data/train/songs/37313732325f38.wav,data/train/labels/37313732325f38.json,12
data/train/songs/37363433385f3333.wav,data/train/labels/37363433385f3333.json,18
data/train/songs/37353137315f3237.wav,data/train/labels/37353137315f3237.json,6
data/train/songs/37323634365f3237.wav,data/train/labels/37323634365f3237.json,14
data/train/songs/37323332315f3331.wav,data/train/labels/37323332315f3331.json,18
data/train/songs/37323338375f3338.wav,data/train/labels/37323338375f3338.json,8
data/train/songs/37363231375f3439.wav,data/train/labels/37363231375f3439.json,5
data/train/songs/37393531315f3433.wav,data/train/labels/37393531315f3433.json,15
data/train/songs/37313937355f3430.wav,data/train/labels/37313937355f3430.json,11
data/train/songs/37353436355f3631.wav,data/train/labels/37353436355f3631.json,15
data/train/songs/37313839315f3436.wav,data/train/labels/37313839315f3436.json,18
data/train/songs/37393031305f30.wav,data/train/labels/37393031305f30.json,12
data/train/songs/37373436385f3132.wav,data/train/labels/37373436385f3132.json,3
data/train/songs/37323930305f30.wav,data/train/labels/37323930305f30.json,13
data/train/songs/3130333133345f3433.wav,data/train/labels/3130333133345f3433.json,10
data/train/songs/37393730305f3831.wav,data/train/labels/37393730305f3831.json,15
data/train/songs/37383837365f3435.wav,data/train/labels/37383837365f3435.json,10
data/train/songs/37333132385f3534.wav,data/train/labels/37333132385f3534.json,12
data/train/songs/37363434335f3836.wav,data/train/labels/37363434335f3836.json,15
data/train/songs/39323632345f3733.wav,data/train/labels/39323632345f3733.json,4
data/train/songs/38313136385f3231.wav,data/train/labels/38313136385f3231.json,19
data/train/songs/37303431395f3331.wav,data/train/labels/37303431395f3331.json,0
data/train/songs/37343336305f3135.wav,data/train/labels/37343336305f3135.json,1
data/train/songs/38313834385f3437.wav,data/train/labels/38313834385f3437.json,15
data/train/songs/38303433365f3436.wav,data/train/labels/38303433365f3436.json,7
data/train/songs/3130313138315f3535.wav,data/train/labels/3130313138315f3535.json,3
data/train/songs/37343232375f3430.wav,data/train/labels/37343232375f3430.json,7
data/train/songs/37383835385f39.wav,data/train/labels/37383835385f39.json,18
data/train/songs/37343539355f3133.wav,data/train/labels/37343539355f3133.json,17
data/train/songs/38313037395f3139.wav,data/train/labels/38313037395f3139.json,19
data/train/songs/39323433325f3835.wav,data/train/labels/39323433325f3835.json,15
data/train/songs/37343436375f3333.wav,data/train/labels/37343436375f3333.json,6
data/train/songs/3130303637305f313438.wav,data/train/labels/3130303637305f313438.json,0
data/train/songs/37363535315f3433.wav,data/train/labels/37363535315f3433.json,4
data/train/songs/37353330335f3339.wav,data/train/labels/37353330335f3339.json,7
data/train/songs/37303331315f3236.wav,data/train/labels/37303331315f3236.json,0
data/train/songs/37393231385f30.wav,data/train/labels/37393231385f30.json,15
data/train/songs/37393131305f3634.wav,data/train/labels/37393131305f3634.json,4
data/train/songs/38303538365f3531.wav,data/train/labels/38303538365f3531.json,7
data/train/songs/38313531315f3137.wav,data/train/labels/38313531315f3137.json,13
data/train/songs/38313432345f37.wav,data/train/labels/38313432345f37.json,13
data/train/songs/38313137305f313131.wav,data/train/labels/38313137305f313131.json,0
data/train/songs/37313631325f3138.wav,data/train/labels/37313631325f3138.json,13
data/train/songs/3132313130335f3930.wav,data/train/labels/3132313130335f3930.json,5
data/train/songs/37343038345f3530.wav,data/train/labels/37343038345f3530.json,15
data/train/songs/37303339345f38.wav,data/train/labels/37303339345f38.json,19
data/train/songs/3130303933365f30.wav,data/train/labels/3130303933365f30.json,17
data/train/songs/38303832305f3338.wav,data/train/labels/38303832305f3338.json,4
data/train/songs/38313532335f3735.wav,data/train/labels/38313532335f3735.json,14
data/train/songs/37393935375f3235.wav,data/train/labels/37393935375f3235.json,19
data/train/songs/37333631355f3737.wav,data/train/labels/37333631355f3737.json,12
data/train/songs/38313338385f313338.wav,data/train/labels/38313338385f313338.json,18
data/train/songs/37373137385f3236.wav,data/train/labels/37373137385f3236.json,16
data/train/songs/37383832355f3335.wav,data/train/labels/37383832355f3335.json,1
data/train/songs/37363433385f3339.wav,data/train/labels/37363433385f3339.json,4
data/train/songs/39323332355f3439.wav,data/train/labels/39323332355f3439.json,9
data/train/songs/37313930355f3337.wav,data/train/labels/37313930355f3337.json,7
data/train/songs/37353130365f3635.wav,data/train/labels/37353130365f3635.json,6
data/train/songs/39323538325f3736.wav,data/train/labels/39323538325f3736.json,4
data/train/songs/38303034365f3633.wav,data/train/labels/38303034365f3633.json,17
data/train/songs/37393032375f3536.wav,data/train/labels/37393032375f3536.json,19
data/train/songs/37393037335f3335.wav,data/train/labels/37393037335f3335.json,3
data/train/songs/38313135395f3830.wav,data/train/labels/38313135395f3830.json,3
data/train/songs/37343838395f3835.wav,data/train/labels/37343838395f3835.json,3
data/train/songs/37303137375f3131.wav,data/train/labels/37303137375f3131.json,16
data/train/songs/37353339345f323039.wav,data/train/labels/37353339345f323039.json,10
data/train/songs/38303835375f3538.wav,data/train/labels/38303835375f3538.json,4
data/train/songs/38313030375f3833.wav,data/train/labels/38313030375f3833.json,18
data/train/songs/37373539395f3139.wav,data/train/labels/37373539395f3139.json,15
data/train/songs/38303231315f3136.wav,data/train/labels/38303231315f3136.json,14
data/train/songs/37383031325f3336.wav,data/train/labels/37383031325f3336.json,12
data/train/songs/37313730305f3237.wav,data/train/labels/37313730305f3237.json,12
data/train/songs/37353630335f3337.wav,data/train/labels/37353630335f3337.json,8
data/train/songs/37303534315f3534.wav,data/train/labels/37303534315f3534.json,2
data/train/songs/37323731395f3937.wav,data/train/labels/37323731395f3937.json,3
data/train/songs/37313735375f3436.wav,data/train/labels/37313735375f3436.json,12
data/train/songs/37343739335f3536.wav,data/train/labels/37343739335f3536.json,16
data/train/songs/37353134385f37.wav,data/train/labels/37353134385f37.json,0
data/train/songs/37323033395f3339.wav,data/train/labels/37323033395f3339.json,7
data/train/songs/38313130315f313532.wav,data/train/labels/38313130315f313532.json,0
data/train/songs/37363633315f3130.wav,data/train/labels/37363633315f3130.json,16
data/train/songs/37373537305f3634.wav,data/train/labels/37373537305f3634.json,15
data/train/songs/3132353233375f3437.wav,data/train/labels/3132353233375f3437.json,2
data/train/songs/37383036355f3532.wav,data/train/labels/37383036355f3532.json,0
data/train/songs/37333733375f3239.wav,data/train/labels/37333733375f3239.json,8
data/train/songs/37363635395f3138.wav,data/train/labels/37363635395f3138.json,11
data/train/songs/37343539355f3530.wav,data/train/labels/37343539355f3530.json,19
data/train/songs/37353032375f3236.wav,data/train/labels/37353032375f3236.json,6
data/train/songs/39323437375f3733.wav,data/train/labels/39323437375f3733.json,11
data/train/songs/38303832385f3536.wav,data/train/labels/38303832385f3536.json,8
data/train/songs/3132303731335f37.wav,data/train/labels/3132303731335f37.json,11
data/train/songs/3130343139395f3631.wav,data/train/labels/3130343139395f3631.json,3
data/train/songs/38303231315f3430.wav,data/train/labels/38303231315f3430.json,5
data/train/songs/37353431345f3930.wav,data/train/labels/37353431345f3930.json,12
data/train/songs/37353836355f313239.wav,data/train/labels/37353836355f313239.json,1
data/train/songs/37383438395f3137.wav,data/train/labels/37383438395f3137.json,1
data/train/songs/39333639335f3732.wav,data/train/labels/39333639335f3732.json,13
data/train/songs/38303539345f3133.wav,data/train/labels/38303539345f3133.json,14
data/train/songs/38323039345f3937.wav,data/train/labels/38323039345f3937.json,3
data/train/songs/37313236335f3133.wav,data/train/labels/37313236335f3133.json,10
data/train/songs/37353339355f3732.wav,data/train/labels/37353339355f3732.json,11
data/train/songs/3130313435345f3730.wav,data/train/labels/3130313435345f3730.json,2
data/train/songs/37373030385f3331.wav,data/train/labels/37373030385f3331.json,5
data/train/songs/37393532365f30.wav,data/train/labels/37393532365f30.json,3
data/train/songs/37323436315f3130.wav,data/train/labels/37323436315f3130.json,15
data/train/songs/3130333133345f3837.wav,data/train/labels/3130333133345f3837.json,11
data/train/songs/37343437365f3633.wav,data/train/labels/37343437365f3633.json,12
data/train/songs/38303237335f3132.wav,data/train/labels/38303237335f3132.json,1
data/train/songs/37303732305f36.wav,data/train/labels/37303732305f36.json,5
data/train/songs/3133343237385f30.wav,data/train/labels/3133343237385f30.json,15
data/train/songs/38313136365f3730.wav,data/train/labels/38313136365f3730.json,18
data/train/songs/37333930375f3435.wav,data/train/labels/37333930375f3435.json,11
data/train/songs/37373735305f3138.wav,data/train/labels/37373735305f3138.json,5
data/train/songs/37333235315f3433.wav,data/train/labels/37333235315f3433.json,16
data/train/songs/38303636345f3434.wav,data/train/labels/38303636345f3434.json,16
data/train/songs/3130333639385f3138.wav,data/train/labels/3130333639385f3138.json,17
data/train/songs/37303634355f3230.wav,data/train/labels/37303634355f3230.json,3
data/train/songs/38303631305f3631.wav,data/train/labels/38303631305f3631.json,13
data/train/songs/37373732305f3538.wav,data/train/labels/37373732305f3538.json,17
data/train/songs/37383735335f3535.wav,data/train/labels/37383735335f3535.json,0
data/train/songs/37363231375f3432.wav,data/train/labels/37363231375f3432.json,18
data/train/songs/37343437365f3231.wav,data/train/labels/37343437365f3231.json,14
data/train/songs/37333531325f30.wav,data/train/labels/37333531325f30.json,13
data/train/songs/37393031305f39.wav,data/train/labels/37393031305f39.json,16
data/train/songs/37393736335f3431.wav,data/train/labels/37393736335f3431.json,6
data/train/songs/37393932325f3731.wav,data/train/labels/37393932325f3731.json,16
data/train/songs/37313732325f3135.wav,data/train/labels/37313732325f3135.json,12
data/train/songs/37343739335f3734.wav,data/train/labels/37343739335f3734.json,9
data/train/songs/38313137305f3932.wav,data/train/labels/38313137305f3932.json,9
data/train/songs/37303135335f3637.wav,data/train/labels/37303135335f3637.json,10
data/train/songs/38303031325f313133.wav,data/train/labels/38303031325f313133.json,6
data/train/songs/37333930375f3131.wav,data/train/labels/37333930375f3131.json,18
data/train/songs/37393230305f3434.wav,data/train/labels/37393230305f3434.json,13
data/train/songs/38303832305f3531.wav,data/train/labels/38303832305f3531.json,1
data/train/songs/38313733345f3336.wav,data/train/labels/38313733345f3336.json,10
data/train/songs/38313532335f3838.wav,data/train/labels/38313532335f3838.json,1
data/train/songs/38303737345f3330.wav,data/train/labels/38303737345f3330.json,6
data/train/songs/37303436335f35.wav,data/train/labels/37303436335f35.json,15
data/train/songs/38303532385f3134.wav,data/train/labels/38303532385f3134.json,4
data/train/songs/37303231315f3331.wav,data/train/labels/37303231315f3331.json,2
data/train/songs/37303137375f3333.wav,data/train/labels/37303137375f3333.json,2
data/train/songs/37363233395f3636.wav,data/train/labels/37363233395f3636.json,7
data/train/songs/37393132355f3132.wav,data/train/labels/37393132355f3132.json,16
data/train/songs/38313136385f3431.wav,data/train/labels/38313136385f3431.json,15
data/train/songs/37343135335f3534.wav,data/train/labels/37343135335f3534.json,19
data/train/songs/37363139335f313537.wav,data/train/labels/37363139335f313537.json,12
data/train/songs/37323236365f3434.wav,data/train/labels/37323236365f3434.json,19
data/train/songs/39323137355f30.wav,data/train/labels/39323137355f30.json,1
data/train/songs/3130313236335f3235.wav,data/train/labels/3130313236335f3235.json,17
data/train/songs/37313930355f30.wav,data/train/labels/37313930355f30.json,10
data/train/songs/37333439365f3333.wav,data/train/labels/37333439365f3333.json,10
data/train/songs/37343336305f3632.wav,data/train/labels/37343336305f3632.json,3
data/train/songs/37393031305f3635.wav,data/train/labels/37393031305f3635.json,14
data/train/songs/38313736305f3537.wav,data/train/labels/38313736305f3537.json,9
data/train/songs/37393431365f3133.wav,data/train/labels/37393431365f3133.json,14
data/train/songs/37323335335f3132.wav,data/train/labels/37323335335f3132.json,2
data/train/songs/3132323730355f3431.wav,data/train/labels/3132323730355f3431.json,15
data/train/songs/37303634355f3339.wav,data/train/labels/37303634355f3339.json,15
data/train/songs/37373037385f3634.wav,data/train/labels/37373037385f3634.json,14
data/train/songs/37333032315f3537.wav,data/train/labels/37333032315f3537.json,16
data/train/songs/3131393430385f3632.wav,data/train/labels/3131393430385f3632.json,13
data/train/songs/37343034385f3430.wav,data/train/labels/37343034385f3430.json,12
data/train/songs/37373832365f3234.wav,data/train/labels/37373832365f3234.json,3
data/train/songs/38303630345f3233.wav,data/train/labels/38303630345f3233.json,10
data/train/songs/38303439375f3337.wav,data/train/labels/38303439375f3337.json,19
data/train/songs/38303532385f3535.wav,data/train/labels/38303532385f3535.json,3
data/train/songs/38303636345f313033.wav,data/train/labels/38303636345f313033.json,17
data/train/songs/37373137385f3133.wav,data/train/labels/37373137385f3133.json,15
data/train/songs/37333735385f3435.wav,data/train/labels/37333735385f3435.json,2
data/train/songs/38303137375f3334.wav,data/train/labels/38303137375f3334.json,3
data/train/songs/37383835385f3630.wav,data/train/labels/37383835385f3630.json,14
data/train/songs/37333735385f3738.wav,data/train/labels/37333735385f3738.json,1
data/train/songs/37303438385f3735.wav,data/train/labels/37303438385f3735.json,17
data/train/songs/38313834385f3335.wav,data/train/labels/38313834385f3335.json,8
data/train/songs/37393131305f3736.wav,data/train/labels/37393131305f3736.json,5
data/train/songs/37323033335f36.wav,data/train/labels/37323033335f36.json,16
data/train/songs/37303835395f3235.wav,data/train/labels/37303835395f3235.json,15
data/train/songs/37343339375f3239.wav,data/train/labels/37343339375f3239.json,0
data/train/songs/38313338385f3939.wav,data/train/labels/38313338385f3939.json,4
data/train/songs/37393436375f3537.wav,data/train/labels/37393436375f3537.json,12
data/train/songs/37363233395f3139.wav,data/train/labels/37363233395f3139.json,7
data/train/songs/3130313238395f3639.wav,data/train/labels/3130313238395f3639.json,7
data/train/songs/3130303933365f3333.wav,data/train/labels/3130303933365f3333.json,11
data/train/songs/37303538375f3330.wav,data/train/labels/37303538375f3330.json,15
data/train/songs/3132313739305f3830.wav,data/train/labels/3132313739305f3830.json,5
data/train/songs/3130333133345f3635.wav,data/train/labels/3130333133345f3635.json,15
data/train/songs/37393638345f3239.wav,data/train/labels/37393638345f3239.json,6
data/train/songs/37383837365f39.wav,data/train/labels/37383837365f39.json,17
data/train/songs/38313432345f3334.wav,data/train/labels/38313432345f3334.json,8
data/train/songs/37333233305f3433.wav,data/train/labels/37333233305f3433.json,0
data/train/songs/37323132385f3232.wav,data/train/labels/37323132385f3232.json,15
data/train/songs/37383139345f35.wav,data/train/labels/37383139345f35.json,9
data/train/songs/37303331315f39.wav,data/train/labels/37303331315f39.json,10
data/train/songs/37383837365f3633.wav,data/train/labels/37383837365f3633.json,1
data/train/songs/37393830335f3336.wav,data/train/labels/37393830335f3336.json,13
data/train/songs/3130313435345f3132.wav,data/train/labels/3130313435345f3132.json,7
data/train/songs/37333439365f3339.wav,data/train/labels/37333439365f3339.json,0
data/train/songs/3130303230345f3239.wav,data/train/labels/3130303230345f3239.json,9
data/train/songs/37383031325f3134.wav,data/train/labels/37383031325f3134.json,6
data/train/songs/37323731395f3238.wav,data/train/labels/37323731395f3238.json,9
data/train/songs/38303839365f39.wav,data/train/labels/38303839365f39.json,11
data/train/songs/37303531305f3338.wav,data/train/labels/37303531305f3338.json,16
data/train/songs/37343333305f3535.wav,data/train/labels/37343333305f3535.json,9
data/train/songs/37353233335f3339.wav,data/train/labels/37353233335f3339.json,9
data/train/songs/37353330335f3936.wav,data/train/labels/37353330335f3936.json,14
data/train/songs/37303835395f3538.wav,data/train/labels/37303835395f3538.json,12
data/train/songs/37393532375f3533.wav,data/train/labels/37393532375f3533.json,19
data/train/songs/37303634355f30.wav,data/train/labels/37303634355f30.json,7
data/train/songs/37313731385f30.wav,data/train/labels/37313731385f30.json,7
data/train/songs/3130303933365f3538.wav,data/train/labels/3130303933365f3538.json,6
data/train/songs/37343339375f30.wav,data/train/labels/37343339375f30.json,7
data/train/songs/37353635305f313534.wav,data/train/labels/37353635305f313534.json,18
data/train/songs/37323438345f3233.wav,data/train/labels/37323438345f3233.json,4
data/train/songs/38303832305f3839.wav,data/train/labels/38303832305f3839.json,8
data/train/songs/37303639335f3531.wav,data/train/labels/37303639335f3531.json,13
data/train/songs/37323132345f3333.wav,data/train/labels/37323132345f3333.json,4
data/train/songs/3131393838315f3731.wav,data/train/labels/3131393838315f3731.json,11
data/train/songs/37343539365f3738.wav,data/train/labels/37343539365f3738.json,14
data/train/songs/37373439375f3436.wav,data/train/labels/37373439375f3436.json,13
data/train/songs/37353134385f3237.wav,data/train/labels/37353134385f3237.json,18
data/train/songs/37323533375f313032.wav,data/train/labels/37323533375f313032.json,10
data/train/songs/37373634365f3337.wav,data/train/labels/37373634365f3337.json,19
data/train/songs/37353031345f3537.wav,data/train/labels/37353031345f3537.json,16
data/train/songs/37383533315f3432.wav,data/train/labels/37383533315f3432.json,8
data/train/songs/3130313138315f3237.wav,data/train/labels/3130313138315f3237.json,8
data/train/songs/37363633315f3339.wav,data/train/labels/37363633315f3339.json,14
data/train/songs/37393638345f3434.wav,data/train/labels/37393638345f3434.json,10
data/train/songs/37343434315f3139.wav,data/train/labels/37343434315f3139.json,18
data/train/songs/3130303637305f3231.wav,data/train/labels/3130303637305f3231.json,10
data/train/songs/37373430335f3831.wav,data/train/labels/37373430335f3831.json,12
data/train/songs/38313435305f3133.wav,data/train/labels/38313435305f3133.json,13
data/train/songs/37353137315f3830.wav,data/train/labels/37353137315f3830.json,13
data/train/songs/3130313030325f3435.wav,data/train/labels/3130313030325f3435.json,13
data/train/songs/3134303135395f3335.wav,data/train/labels/3134303135395f3335.json,19
data/train/songs/37353339355f313639.wav,data/train/labels/37353339355f313639.json,15
data/train/songs/38313135365f3630.wav,data/train/labels/38313135365f3630.json,3
data/train/songs/37303333365f3236.wav,data/train/labels/37303333365f3236.json,17
data/train/songs/37393137365f3437.wav,data/train/labels/37393137365f3437.json,4
data/train/songs/3130313536305f3933.wav,data/train/labels/3130313536305f3933.json,13
data/train/songs/37303434335f3235.wav,data/train/labels/37303434335f3235.json,18
data/train/songs/3131393438395f3336.wav,data/train/labels/3131393438395f3336.json,0
data/train/songs/37393336315f3336.wav,data/train/labels/37393336315f3336.json,16
data/train/songs/38313631335f3634.wav,data/train/labels/38313631335f3634.json,6
data/train/songs/37373531305f3638.wav,data/train/labels/37373531305f3638.json,8
data/train/songs/37323335375f3234.wav,data/train/labels/37323335375f3234.json,19
data/train/songs/37343037355f3136.wav,data/train/labels/37343037355f3136.json,7